[
  {
    "inputs": [
      {
        "internalType": "address",
        "name": "_pair",
        "type": "address"
      },
      {
        "internalType": "bool",
        "name": "_isToken0Base",
        "type": "bool"
      }
    ],
    "stateMutability": "nonpayable",
    "type": "constructor"
  },
  {
    "inputs": [],
    "name": "priceAverageE18",
    "outputs": [
      {
        "internalType": "uint256",
        "name": "",
        "type": "uint256"
      }
    ],
    "stateMutability": "view",
    "type": "function"
  },
  {
    "inputs": [],
    "name": "update",
    "outputs": [],
    "stateMutability": "nonpayable",
    "type": "function"
  }
]