{
  "params": {
    "mcr": 1.5,
    "lr": 1.2,
    "apr": 0.05,
    "pen": 0.1
  },
  "initial_price": 200.0,
  "price_series": [
    200,
    190,
    175,
    150,
    130,
    120,
    140,
    160
  ],
  "accounts": {
    "alice": {
      "collateral": 0,
      "debt": 0
    },
    "bob": {
      "collateral": 0,
      "debt": 0
    }
  },
  "actions": [
    {
      "t": 0,
      "type": "deposit",
      "who": "alice",
      "amount": 10
    },
    {
      "t": 0,
      "type": "mint",
      "who": "alice",
      "amount": 1000
    },
    {
      "t": 0,
      "type": "deposit",
      "who": "bob",
      "amount": 5
    },
    {
      "t": 0,
      "type": "mint",
      "who": "bob",
      "amount": 400
    },
    {
      "t": 2,
      "type": "repay",
      "who": "alice",
      "amount": 100
    }
  ]
}